Symbol,Exchange,Link
A,NYSE,https://www.tradingview.com/symbols/NYSE-A/
AA,NYSE,https://www.tradingview.com/symbols/NYSE-AA/
AACB,NASDAQ,https://www.tradingview.com/symbols/NASDAQ-AACB/
AACT,NYSE,https://www.tradingview.com/symbols/NYSE-AACT/
AAL,NASDAQ,https://www.tradingview.com/symbols/NASDAQ-AAL/
AAM,NYSE,https://www.tradingview.com/symbols/NYSE-AAM/
AAME,NASDAQ,https://www.tradingview.com/symbols/NASDAQ-AAME/
AAMI,NYSE,https://www.tradingview.com/symbols/NYSE-AAMI/
AAOI,NASDAQ,https://www.tradingview.com/symbols/NASDAQ-AAOI/
AAON,NASDAQ,https://www.tradingview.com/symbols/NASDAQ-AAON/
AAP,NYSE,https://www.tradingview.com/symbols/NYSE-AAP/
AAPL,NASDAQ,https://www.tradingview.com/symbols/NASDAQ-AAPL/
AARD,NASDAQ,https://www.tradingview.com/symbols/NASDAQ-AARD/
AB,NYSE,https://www.tradingview.com/symbols/NYSE-AB/
ABAT,NASDAQ,https://www.tradingview.com/symbols/NASDAQ-ABAT/
ABBV,NYSE,https://www.tradingview.com/symbols/NYSE-ABBV/
ABCB,NYSE,https://www.tradingview.com/symbols/NYSE-ABCB/
ABCL,NASDAQ,https://www.tradingview.com/symbols/NASDAQ-ABCL/
ABEO,NASDAQ,https://www.tradingview.com/symbols/NASDAQ-ABEO/
ABG,NYSE,https://www.tradingview.com/symbols/NYSE-ABG/
ABL,NASDAQ,https://www.tradingview.com/symbols/NASDAQ-ABL/
ABLV,NASDAQ,https://www.tradingview.com/symbols/NASDAQ-ABLV/
ABM,NYSE,https://www.tradingview.com/symbols/NYSE-ABM/
ABNB,NASDAQ,https://www.tradingview.com/symbols/NASDAQ-ABNB/
ABOS,NASDAQ,https://www.tradingview.com/symbols/NASDAQ-ABOS/
ABP,NASDAQ,https://www.tradingview.com/symbols/NASDAQ-ABP/
ABSI,NASDAQ,https://www.tradingview.com/symbols/NASDAQ-ABSI/
ABT,NYSE,https://www.tradingview.com/symbols/NYSE-ABT/
ABTS,NASDAQ,https://www.tradingview.com/symbols/NASDAQ-ABTS/
ABUS,NASDAQ,https://www.tradingview.com/symbols/NASDAQ-ABUS/
ABVC,NASDAQ,https://www.tradingview.com/symbols/NASDAQ-ABVC/
ABVE,NASDAQ,https://www.tradingview.com/symbols/NASDAQ-ABVE/
AC,NYSE,https://www.tradingview.com/symbols/NYSE-AC/
ACA,NYSE,https://www.tradingview.com/symbols/NYSE-ACA/
ACAD,NASDAQ,https://www.tradingview.com/symbols/NASDAQ-ACAD/
ACCO,NYSE,https://www.tradingview.com/symbols/NYSE-ACCO/
ACCS,AMEX,https://www.tradingview.com/symbols/AMEX-ACCS/
ACDC,NASDAQ,https://www.tradingview.com/symbols/NASDAQ-ACDC/
ACEL,NYSE,https://www.tradingview.com/symbols/NYSE-ACEL/
ACET,NASDAQ,https://www.tradingview.com/symbols/NASDAQ-ACET/
ACGL,NASDAQ,https://www.tradingview.com/symbols/NASDAQ-ACGL/
ACHC,NASDAQ,https://www.tradingview.com/symbols/NASDAQ-ACHC/
ACHR,NYSE,https://www.tradingview.com/symbols/NYSE-ACHR/
ACHV,NASDAQ,https://www.tradingview.com/symbols/NASDAQ-ACHV/
ACI,NYSE,https://www.tradingview.com/symbols/NYSE-ACI/
ACIC,NASDAQ,https://www.tradingview.com/symbols/NASDAQ-ACIC/
ACIU,NASDAQ,https://www.tradingview.com/symbols/NASDAQ-ACIU/
ACIW,NASDAQ,https://www.tradingview.com/symbols/NASDAQ-ACIW/
ACLS,NASDAQ,https://www.tradingview.com/symbols/NASDAQ-ACLS/
ACLX,NASDAQ,https://www.tradingview.com/symbols/NASDAQ-ACLX/
ACM,NYSE,https://www.tradingview.com/symbols/NYSE-ACM/
ACMR,NASDAQ,https://www.tradingview.com/symbols/NASDAQ-ACMR/
ACN,NYSE,https://www.tradingview.com/symbols/NYSE-ACN/
ACNB,NASDAQ,https://www.tradingview.com/symbols/NASDAQ-ACNB/
ACNT,NASDAQ,https://www.tradingview.com/symbols/NASDAQ-ACNT/
ACOG,NASDAQ,https://www.tradingview.com/symbols/NASDAQ-ACOG/
ACON,NASDAQ,https://www.tradingview.com/symbols/NASDAQ-ACON/
ACRS,NASDAQ,https://www.tradingview.com/symbols/NASDAQ-ACRS/
ACRV,NASDAQ,https://www.tradingview.com/symbols/NASDAQ-ACRV/
ACT,NASDAQ,https://www.tradingview.com/symbols/NASDAQ-ACT/
ACTG,NASDAQ,https://www.tradingview.com/symbols/NASDAQ-ACTG/
ACTU,NASDAQ,https://www.tradingview.com/symbols/NASDAQ-ACTU/
ACU,AMEX,https://www.tradingview.com/symbols/AMEX-ACU/
ACVA,NYSE,https://www.tradingview.com/symbols/NYSE-ACVA/
ACXP,NASDAQ,https://www.tradingview.com/symbols/NASDAQ-ACXP/
ADBE,NASDAQ,https://www.tradingview.com/symbols/NASDAQ-ADBE/
ADCT,NYSE,https://www.tradingview.com/symbols/NYSE-ADCT/
ADD,NASDAQ,https://www.tradingview.com/symbols/NASDAQ-ADD/
ADEA,NASDAQ,https://www.tradingview.com/symbols/NASDAQ-ADEA/
ADGM,NASDAQ,https://www.tradingview.com/symbols/NASDAQ-ADGM/
ADI,NASDAQ,https://www.tradingview.com/symbols/NASDAQ-ADI/
ADIL,NASDAQ,https://www.tradingview.com/symbols/NASDAQ-ADIL/
ADM,NYSE,https://www.tradingview.com/symbols/NYSE-ADM/
ADMA,NASDAQ,https://www.tradingview.com/symbols/NASDAQ-ADMA/
ADN,NASDAQ,https://www.tradingview.com/symbols/NASDAQ-ADN/
ADNT,NYSE,https://www.tradingview.com/symbols/NYSE-ADNT/
ADP,NASDAQ,https://www.tradingview.com/symbols/NASDAQ-ADP/
ADPT,NASDAQ,https://www.tradingview.com/symbols/NASDAQ-ADPT/
ADSE,NASDAQ,https://www.tradingview.com/symbols/NASDAQ-ADSE/
ADSK,NASDAQ,https://www.tradingview.com/symbols/NASDAQ-ADSK/
ADT,NYSE,https://www.tradingview.com/symbols/NYSE-ADT/
ADTN,NASDAQ,https://www.tradingview.com/symbols/NASDAQ-ADTN/
ADTX,NASDAQ,https://www.tradingview.com/symbols/NASDAQ-ADTX/
ADUS,NASDAQ,https://www.tradingview.com/symbols/NASDAQ-ADUS/
ADV,NASDAQ,https://www.tradingview.com/symbols/NASDAQ-ADV/
ADVB,NASDAQ,https://www.tradingview.com/symbols/NASDAQ-ADVB/
ADVM,NASDAQ,https://www.tradingview.com/symbols/NASDAQ-ADVM/
AEE,NYSE,https://www.tradingview.com/symbols/NYSE-AEE/
AEHL,NASDAQ,https://www.tradingview.com/symbols/NASDAQ-AEHL/
AEHR,NASDAQ,https://www.tradingview.com/symbols/NASDAQ-AEHR/
AEI,NASDAQ,https://www.tradingview.com/symbols/NASDAQ-AEI/
AEIS,NASDAQ,https://www.tradingview.com/symbols/NASDAQ-AEIS/
AEMD,NASDAQ,https://www.tradingview.com/symbols/NASDAQ-AEMD/
AENT,NASDAQ,https://www.tradingview.com/symbols/NASDAQ-AENT/
AEO,NYSE,https://www.tradingview.com/symbols/NYSE-AEO/
AEON,AMEX,https://www.tradingview.com/symbols/AMEX-AEON/
AEP,NASDAQ,https://www.tradingview.com/symbols/NASDAQ-AEP/
AER,NYSE,https://www.tradingview.com/symbols/NYSE-AER/
AERT,NASDAQ,https://www.tradingview.com/symbols/NASDAQ-AERT/
AES,NYSE,https://www.tradingview.com/symbols/NYSE-AES/
